id,title,description,availability,condition,price,link,image_link,brand,product_type,custom_label_0,custom_label_1,custom_label_2
FAC-001,Limpieza profunda ultrasónica,"Limpieza facial de 90 minutos con ultrasonido para retirar impurezas visibles y profundas, mejorar textura y preparar la piel para absorber mejor los activos. Incluye extracción de milium, alta frecuencia y mascarilla de hidrogel. Duración: 90 min.",in stock,new,1590.00 MXN,https://wa.me/529843218001?text=Hola%2C%20me%20interesa%20Limpieza%20profunda%20ultras%C3%B3nica%20%28FAC-001%29.%20%C2%BFMe%20pueden%20dar%20informaci%C3%B3n%3F,https://raw.githubusercontent.com/DevAiSolves/florecer-catalogo/main/catalogo/FLORECER_FAC-001_limpieza-profunda-ultrasonica.jpg,FLORECER Skin & Wellness,Faciales y renovación,,Fijo,Lista para catálogo / revisar copy del anuncio
FAC-002,Limpieza con microdermoabrasión,"Exfoliación profesional con puntas de diamante que retira células muertas y deja la piel más suave, luminosa y receptiva a los nutrientes. Incluye mascarilla de hidrogel. Duración: 90 min.",in stock,new,1990.00 MXN,https://wa.me/529843218001?text=Hola%2C%20me%20interesa%20Limpieza%20con%20microdermoabrasi%C3%B3n%20%28FAC-002%29.%20%C2%BFMe%20pueden%20dar%20informaci%C3%B3n%3F,https://raw.githubusercontent.com/DevAiSolves/florecer-catalogo/main/catalogo/FLORECER_FAC-002_limpieza-con-microdermoabrasion.jpg,FLORECER Skin & Wellness,Faciales y renovación,,Fijo,Lista para catálogo / revisar copy del anuncio
FAC-003,Facial antiacné,Protocolo facial personalizado para piel con tendencia acneica y apariencia de cicatrices. Combina técnicas profesionales según valoración e incluye mascarilla de hidrogel. Duración: 90 min.,in stock,new,1690.00 MXN,https://wa.me/529843218001?text=Hola%2C%20me%20interesa%20Facial%20antiacn%C3%A9%20%28FAC-003%29.%20%C2%BFMe%20pueden%20dar%20informaci%C3%B3n%3F,https://raw.githubusercontent.com/DevAiSolves/florecer-catalogo/main/catalogo/FLORECER_FAC-003_facial-antiacne.jpg,FLORECER Skin & Wellness,Faciales y renovación,,Fijo,Revisar copy: no dirigirse al usuario por una condición de salud
FAC-004,Dermaplaning,"Exfoliación mecánica que retira células muertas y vello facial superficial para revelar una piel limpia, suave y luminosa. Incluye mascarilla de hidrogel. Duración: 40 min.",in stock,new,1320.00 MXN,https://wa.me/529843218001?text=Hola%2C%20me%20interesa%20Dermaplaning%20%28FAC-004%29.%20%C2%BFMe%20pueden%20dar%20informaci%C3%B3n%3F,https://raw.githubusercontent.com/DevAiSolves/florecer-catalogo/main/catalogo/FLORECER_FAC-004_dermaplaning.jpg,FLORECER Skin & Wellness,Faciales y renovación,,Fijo,Lista para catálogo / revisar copy del anuncio
FAC-005,Microneedling facial,"Protocolo de microagujas orientado a mejorar la apariencia de poros, textura, líneas finas y cicatrices de acné. Incluye mascarilla de hidrogel y valoración previa. Duración: 90 min.",in stock,new,1700.00 MXN,https://wa.me/529843218001?text=Hola%2C%20me%20interesa%20Microneedling%20facial%20%28FAC-005%29.%20%C2%BFMe%20pueden%20dar%20informaci%C3%B3n%3F,https://raw.githubusercontent.com/DevAiSolves/florecer-catalogo/main/catalogo/FLORECER_FAC-005_microneedling-facial.jpg,FLORECER Skin & Wellness,Faciales y renovación,,Fijo,Revisión profesional previa
FAC-006,Extracción con Plasma Pen,"Procedimiento localizado con energía de plasma para extracción de verrugas, sujeto a valoración por tamaño y cantidad. Precio desde $550 MXN. Rango informado: $550 a $3,700 MXN. Duración: 15 min.",in stock,new,550.00 MXN,https://wa.me/529843218001?text=Hola%2C%20me%20interesa%20Extracci%C3%B3n%20con%20Plasma%20Pen%20%28FAC-006%29.%20%C2%BFMe%20pueden%20dar%20informaci%C3%B3n%3F,https://raw.githubusercontent.com/DevAiSolves/florecer-catalogo/main/catalogo/FLORECER_FAC-006_extraccion-con-plasma-pen.jpg,FLORECER Skin & Wellness,Faciales y renovación,,Desde,No pautar sin validación médica y de política
FAC-007,Láser Nd:YAG para manchas,"Sesión con láser Nd:YAG para mejorar la apariencia de manchas, tono disparejo y piel apagada. Disponible para zona facial o corporal, con valoración previa. Facial $1,050 MXN | Corporal $1,580 MXN.",in stock,new,1050.00 MXN,https://wa.me/529843218001?text=Hola%2C%20me%20interesa%20L%C3%A1ser%20Nd%3AYAG%20para%20manchas%20%28FAC-007%29.%20%C2%BFMe%20pueden%20dar%20informaci%C3%B3n%3F,https://raw.githubusercontent.com/DevAiSolves/florecer-catalogo/main/catalogo/FLORECER_FAC-007_laser-nd-yag-para-manchas.jpg,FLORECER Skin & Wellness,Faciales y renovación,,Desde,Lista para catálogo / revisar copy del anuncio
FAC-008,Yoga facial,"Experiencia de bienestar que combina relajación y ejercicios faciales para favorecer circulación, oxigenación y tonificación del rostro. Ayuda a suavizar visualmente bolsas, ojeras y líneas de expresión. Duración: 40 min.",in stock,new,850.00 MXN,https://wa.me/529843218001?text=Hola%2C%20me%20interesa%20Yoga%20facial%20%28FAC-008%29.%20%C2%BFMe%20pueden%20dar%20informaci%C3%B3n%3F,https://raw.githubusercontent.com/DevAiSolves/florecer-catalogo/main/catalogo/FLORECER_FAC-008_yoga-facial.jpg,FLORECER Skin & Wellness,Faciales y renovación,,Fijo,Lista para catálogo / revisar copy del anuncio
FAC-009,BB Glow,"Tratamiento coreano con activos hidratantes para un efecto de piel luminosa y uniforme visible desde la sesión. Favorece hidratación, suavidad y apariencia progresiva de manchas y líneas finas. Incluye mascarilla de hidrogel. Duración: 90 min.",in stock,new,2100.00 MXN,https://wa.me/529843218001?text=Hola%2C%20me%20interesa%20BB%20Glow%20%28FAC-009%29.%20%C2%BFMe%20pueden%20dar%20informaci%C3%B3n%3F,https://raw.githubusercontent.com/DevAiSolves/florecer-catalogo/main/catalogo/FLORECER_FAC-009_bb-glow.jpg,FLORECER Skin & Wellness,Faciales y renovación,Best Seller,Fijo,Lista para catálogo / revisar copy del anuncio
FAC-010,Hollywood Peel,"Protocolo con efecto renovador para piel grasa o con tendencia acneica. Ayuda a retirar células muertas, controlar la apariencia de oleosidad y mejorar luminosidad. Incluye mascarilla de hidrogel. Duración: 90 min.",in stock,new,2210.00 MXN,https://wa.me/529843218001?text=Hola%2C%20me%20interesa%20Hollywood%20Peel%20%28FAC-010%29.%20%C2%BFMe%20pueden%20dar%20informaci%C3%B3n%3F,https://raw.githubusercontent.com/DevAiSolves/florecer-catalogo/main/catalogo/FLORECER_FAC-010_hollywood-peel.jpg,FLORECER Skin & Wellness,Faciales y renovación,,Fijo,Revisar copy: evitar promesas o atributos personales
FAC-011,Hydrojelly Mask,"Mascarilla orgánica y cruelty free que complementa cualquier facial: hidrata, calma, ayuda a reducir la apariencia de inflamación y mejora la absorción de activos. Duración: Complemento de facial.",in stock,new,320.00 MXN,https://wa.me/529843218001?text=Hola%2C%20me%20interesa%20Hydrojelly%20Mask%20%28FAC-011%29.%20%C2%BFMe%20pueden%20dar%20informaci%C3%B3n%3F,https://raw.githubusercontent.com/DevAiSolves/florecer-catalogo/main/catalogo/FLORECER_FAC-011_hydrojelly-mask.jpg,FLORECER Skin & Wellness,Faciales y renovación,,Fijo,Lista para catálogo / revisar copy del anuncio
FAC-012,Radiofrecuencia fraccionada facial,"Protocolo integral con limpieza, anestesia tópica, microagujas y radiofrecuencia con activos elegidos según la necesidad de la piel. Orientado a textura, poros, firmeza, cicatrices y luminosidad. Pack 3 sesiones: $16,380 MXN (20% OFF). Duración: 90 min.",in stock,new,6830.00 MXN,https://wa.me/529843218001?text=Hola%2C%20me%20interesa%20Radiofrecuencia%20fraccionada%20facial%20%28FAC-012%29.%20%C2%BFMe%20pueden%20dar%20informaci%C3%B3n%3F,https://raw.githubusercontent.com/DevAiSolves/florecer-catalogo/main/catalogo/FLORECER_FAC-012_radiofrecuencia-fraccionada-facial.jpg,FLORECER Skin & Wellness,Faciales y renovación,Best Seller,Fijo,Revisión profesional previa
PIG-001,IPL + Peeling Melanostop,"Tratamiento combinado para mejorar la apariencia de manchas, unificar visualmente el tono y devolver luminosidad a la piel. Pack 3 sesiones: $9,370 MXN (15% OFF).",in stock,new,3680.00 MXN,https://wa.me/529843218001?text=Hola%2C%20me%20interesa%20IPL%20%2B%20Peeling%20Melanostop%20%28PIG-001%29.%20%C2%BFMe%20pueden%20dar%20informaci%C3%B3n%3F,https://raw.githubusercontent.com/DevAiSolves/florecer-catalogo/main/catalogo/FLORECER_PIG-001_ipl-peeling-melanostop.jpg,FLORECER Skin & Wellness,"Manchas, tono e IPL",,Fijo,Revisión de política: evitar señalar atributos personales
PIG-002,IPL + Peeling cara y escote,"Protocolo de luz pulsada y peeling aplicado en cara y escote para mejorar luminosidad y tono irregular. Pack 3 sesiones: $10,980 MXN (15% OFF).",in stock,new,4310.00 MXN,https://wa.me/529843218001?text=Hola%2C%20me%20interesa%20IPL%20%2B%20Peeling%20cara%20y%20escote%20%28PIG-002%29.%20%C2%BFMe%20pueden%20dar%20informaci%C3%B3n%3F,https://raw.githubusercontent.com/DevAiSolves/florecer-catalogo/main/catalogo/FLORECER_PIG-002_ipl-peeling-cara-y-escote.jpg,FLORECER Skin & Wellness,"Manchas, tono e IPL",,Fijo,Revisión de política: evitar señalar atributos personales
PIG-003,IPL + Facial + Melanostop + Hydrojelly,"Combo completo para piel opaca, apariencia de manchas, melasma o fotoenvejecimiento. Integra IPL, facial, peeling Melanostop y mascarilla Hydrojelly para renovar, hidratar e iluminar. Pack 3 sesiones: $10,440 MXN (15% OFF).",in stock,new,4100.00 MXN,https://wa.me/529843218001?text=Hola%2C%20me%20interesa%20IPL%20%2B%20Facial%20%2B%20Melanostop%20%2B%20Hydrojelly%20%28PIG-003%29.%20%C2%BFMe%20pueden%20dar%20informaci%C3%B3n%3F,https://raw.githubusercontent.com/DevAiSolves/florecer-catalogo/main/catalogo/FLORECER_PIG-003_ipl-facial-melanostop-hydrojelly.jpg,FLORECER Skin & Wellness,"Manchas, tono e IPL",,Fijo,Revisión profesional previa
PIG-004,IPL para rosácea,"Sesión de luz pulsada orientada a disminuir visualmente el enrojecimiento y favorecer un tono más uniforme. Requiere valoración previa. Pack 3 sesiones: $5,360 MXN (15% OFF).",in stock,new,2100.00 MXN,https://wa.me/529843218001?text=Hola%2C%20me%20interesa%20IPL%20para%20ros%C3%A1cea%20%28PIG-004%29.%20%C2%BFMe%20pueden%20dar%20informaci%C3%B3n%3F,https://raw.githubusercontent.com/DevAiSolves/florecer-catalogo/main/catalogo/FLORECER_PIG-004_ipl-para-rosacea.jpg,FLORECER Skin & Wellness,"Manchas, tono e IPL",,Fijo,No dirigirse al usuario por una condición de salud
PIG-005,Microneedling + Tranex,Protocolo de renovación con microneedling y activo despigmentante Tranex para mejorar la apariencia de manchas y tono irregular.,in stock,new,3680.00 MXN,https://wa.me/529843218001?text=Hola%2C%20me%20interesa%20Microneedling%20%2B%20Tranex%20%28PIG-005%29.%20%C2%BFMe%20pueden%20dar%20informaci%C3%B3n%3F,https://raw.githubusercontent.com/DevAiSolves/florecer-catalogo/main/catalogo/FLORECER_PIG-005_microneedling-tranex.jpg,FLORECER Skin & Wellness,"Manchas, tono e IPL",,Fijo,Revisión profesional previa
PIG-006,Láser Nd + Microneedling Tranex,"Combinación avanzada de láser Nd:YAG, microneedling y Tranex para protocolos de hiperpigmentación y melasma, siempre con valoración previa. Pack 3 sesiones: $6,693 MXN (15% OFF).",in stock,new,2625.00 MXN,https://wa.me/529843218001?text=Hola%2C%20me%20interesa%20L%C3%A1ser%20Nd%20%2B%20Microneedling%20Tranex%20%28PIG-006%29.%20%C2%BFMe%20pueden%20dar%20informaci%C3%B3n%3F,https://raw.githubusercontent.com/DevAiSolves/florecer-catalogo/main/catalogo/FLORECER_PIG-006_laser-nd-microneedling-tranex.jpg,FLORECER Skin & Wellness,"Manchas, tono e IPL",,Fijo,Revisión profesional previa
BIO-001,NCTF + Microneedling,"Cóctel revitalizante aplicado con microneedling para mejorar luminosidad, textura, hidratación y calidad general de la piel. Pack 3 sesiones: $9,639 MXN (15% OFF).",in stock,new,3780.00 MXN,https://wa.me/529843218001?text=Hola%2C%20me%20interesa%20NCTF%20%2B%20Microneedling%20%28BIO-001%29.%20%C2%BFMe%20pueden%20dar%20informaci%C3%B3n%3F,https://raw.githubusercontent.com/DevAiSolves/florecer-catalogo/main/catalogo/FLORECER_BIO-001_nctf-microneedling.jpg,FLORECER Skin & Wellness,Bioestimulación celular,,Fijo,Revisión profesional previa
BIO-002,Exosomas,"Protocolo para rostro y cuello que favorece regeneración, firmeza, elasticidad, hidratación y una apariencia más uniforme y luminosa. Pack 3 sesiones: $9,640 MXN (15% OFF).",in stock,new,3780.00 MXN,https://wa.me/529843218001?text=Hola%2C%20me%20interesa%20Exosomas%20%28BIO-002%29.%20%C2%BFMe%20pueden%20dar%20informaci%C3%B3n%3F,https://raw.githubusercontent.com/DevAiSolves/florecer-catalogo/main/catalogo/FLORECER_BIO-002_exosomas.jpg,FLORECER Skin & Wellness,Bioestimulación celular,,Fijo,Revisión profesional previa
BIO-003,Exosomas + PDRN de salmón,"Protocolo premium para rostro, cuello y escote que combina exosomas y PDRN para apoyar reparación, hidratación, firmeza, textura y luminosidad de la piel. Pack 3 sesiones: $13,660 MXN (15% OFF).",in stock,new,5360.00 MXN,https://wa.me/529843218001?text=Hola%2C%20me%20interesa%20Exosomas%20%2B%20PDRN%20de%20salm%C3%B3n%20%28BIO-003%29.%20%C2%BFMe%20pueden%20dar%20informaci%C3%B3n%3F,https://raw.githubusercontent.com/DevAiSolves/florecer-catalogo/main/catalogo/FLORECER_BIO-003_exosomas-pdrn-de-salmon.jpg,FLORECER Skin & Wellness,Bioestimulación celular,Best Seller,Fijo,Revisión profesional previa
BIO-004,PDRN de salmón,"Aplicación facial orientada a regeneración, hidratación, firmeza, elasticidad, textura y apariencia de líneas finas o manchas. Pack 3 sesiones: $10,210 MXN (10% OFF).",in stock,new,3780.00 MXN,https://wa.me/529843218001?text=Hola%2C%20me%20interesa%20PDRN%20de%20salm%C3%B3n%20%28BIO-004%29.%20%C2%BFMe%20pueden%20dar%20informaci%C3%B3n%3F,https://raw.githubusercontent.com/DevAiSolves/florecer-catalogo/main/catalogo/FLORECER_BIO-004_pdrn-de-salmon.jpg,FLORECER Skin & Wellness,Bioestimulación celular,,Fijo,Revisión profesional previa
COR-001,Body Fit,"Estimulación muscular para tonificación intensiva de glúteos y abdomen. El protocolo busca fortalecer y definir la zona trabajada. 6 sesiones $6,250 | 8 sesiones $8,350 | 10 sesiones $10,400.",in stock,new,1040.00 MXN,https://wa.me/529843218001?text=Hola%2C%20me%20interesa%20Body%20Fit%20%28COR-001%29.%20%C2%BFMe%20pueden%20dar%20informaci%C3%B3n%3F,https://raw.githubusercontent.com/DevAiSolves/florecer-catalogo/main/catalogo/FLORECER_COR-001_body-fit.jpg,FLORECER Skin & Wellness,Corporales y modelado,,Fijo,Lista para catálogo / sin promesas de pérdida de peso
COR-002,Radiofrecuencia fraccionada corporal,"Microagujas con radiofrecuencia a nivel dérmico profundo para mejorar textura, firmeza y apariencia de estrías, cicatrices e hiperpigmentación corporal. Duración: 90 min.",in stock,new,8950.00 MXN,https://wa.me/529843218001?text=Hola%2C%20me%20interesa%20Radiofrecuencia%20fraccionada%20corporal%20%28COR-002%29.%20%C2%BFMe%20pueden%20dar%20informaci%C3%B3n%3F,https://raw.githubusercontent.com/DevAiSolves/florecer-catalogo/main/catalogo/FLORECER_COR-002_radiofrecuencia-fraccionada-corporal.jpg,FLORECER Skin & Wellness,Corporales y modelado,,Fijo,Revisión profesional previa
COR-003,Drenaje linfático con rodillos,"Masaje corporal relajante con rodillos para estimular circulación, favorecer el drenaje y ayudar a reducir retención de líquidos. Incluye brazos, abdomen y piernas. Pack 10 sesiones: $12,000 MXN (20% OFF). Duración: 90 min.",in stock,new,1500.00 MXN,https://wa.me/529843218001?text=Hola%2C%20me%20interesa%20Drenaje%20linf%C3%A1tico%20con%20rodillos%20%28COR-003%29.%20%C2%BFMe%20pueden%20dar%20informaci%C3%B3n%3F,https://raw.githubusercontent.com/DevAiSolves/florecer-catalogo/main/catalogo/FLORECER_COR-003_drenaje-linfatico-con-rodillos.jpg,FLORECER Skin & Wellness,Corporales y modelado,,Fijo,Lista para catálogo / sin promesas de pérdida de peso
COR-004,Reductivo modelador,"Sesión combinada con 30 min de ultracavitación, 30 min de rodillos y 30 min de Body Fit para reducir, drenar y tonificar dentro de un mismo protocolo. Pack 10 sesiones: $14,180 MXN. Duración: 90 min.",in stock,new,1580.00 MXN,https://wa.me/529843218001?text=Hola%2C%20me%20interesa%20Reductivo%20modelador%20%28COR-004%29.%20%C2%BFMe%20pueden%20dar%20informaci%C3%B3n%3F,https://raw.githubusercontent.com/DevAiSolves/florecer-catalogo/main/catalogo/FLORECER_COR-004_reductivo-modelador.jpg,FLORECER Skin & Wellness,Corporales y modelado,,Fijo,Evitar promesas de pérdida de peso o centímetros
HIF-001,Lifting facial HIFU,"Ultrasonido focalizado que trabaja a profundidad para favorecer el efecto tensor del rostro. No requiere tiempo de recuperación; la frecuencia y elegibilidad se determinan en valoración. Facial $5,780 MXN | Cara y cuello $7,140 MXN.",in stock,new,5780.00 MXN,https://wa.me/529843218001?text=Hola%2C%20me%20interesa%20Lifting%20facial%20HIFU%20%28HIF-001%29.%20%C2%BFMe%20pueden%20dar%20informaci%C3%B3n%3F,https://raw.githubusercontent.com/DevAiSolves/florecer-catalogo/main/catalogo/FLORECER_HIF-001_lifting-facial-hifu.jpg,FLORECER Skin & Wellness,Lifting HIFU,,Desde,Revisión profesional previa
HIF-002,Lifting de glúteos HIFU,"HIFU corporal orientado a firmeza, textura y efecto tensor profundo en glúteos. El plan recomendado se define en valoración. 4 sesiones $16,800 | 6 sesiones $25,200.",in stock,new,6830.00 MXN,https://wa.me/529843218001?text=Hola%2C%20me%20interesa%20Lifting%20de%20gl%C3%BAteos%20HIFU%20%28HIF-002%29.%20%C2%BFMe%20pueden%20dar%20informaci%C3%B3n%3F,https://raw.githubusercontent.com/DevAiSolves/florecer-catalogo/main/catalogo/FLORECER_HIF-002_lifting-de-gluteos-hifu.jpg,FLORECER Skin & Wellness,Lifting HIFU,,Fijo,Revisión profesional previa
HIF-003,Lipo abdominal HIFU,"Protocolo corporal para piel con flacidez y adiposidad localizada en abdomen, sujeto a valoración para definir el plan adecuado. 4 sesiones $16,800 | 6 sesiones $25,200.",in stock,new,6830.00 MXN,https://wa.me/529843218001?text=Hola%2C%20me%20interesa%20Lipo%20abdominal%20HIFU%20%28HIF-003%29.%20%C2%BFMe%20pueden%20dar%20informaci%C3%B3n%3F,https://raw.githubusercontent.com/DevAiSolves/florecer-catalogo/main/catalogo/FLORECER_HIF-003_lipo-abdominal-hifu.jpg,FLORECER Skin & Wellness,Lifting HIFU,,Fijo,Evitar promesas de pérdida de peso o centímetros
HIF-004,Lifting de brazos HIFU,"Ultrasonido focalizado orientado a mejorar la apariencia de flacidez en la zona de tríceps y favorecer un efecto tensor. 4 sesiones $12,600 | 6 sesiones $18,900.",in stock,new,5780.00 MXN,https://wa.me/529843218001?text=Hola%2C%20me%20interesa%20Lifting%20de%20brazos%20HIFU%20%28HIF-004%29.%20%C2%BFMe%20pueden%20dar%20informaci%C3%B3n%3F,https://raw.githubusercontent.com/DevAiSolves/florecer-catalogo/main/catalogo/FLORECER_HIF-004_lifting-de-brazos-hifu.jpg,FLORECER Skin & Wellness,Lifting HIFU,,Fijo,Revisión profesional previa
LAS-M-001,Láser triodo mujer - Cara,"Depilación láser triodo para cara, con parámetros definidos según valoración de piel y vello. Disponible por sesión o en paquete de 10 sesiones. 10 sesiones: $6,230 MXN.",in stock,new,890.00 MXN,https://wa.me/529843218001?text=Hola%2C%20me%20interesa%20L%C3%A1ser%20triodo%20mujer%20-%20Cara%20%28LAS-M-001%29.%20%C2%BFMe%20pueden%20dar%20informaci%C3%B3n%3F,https://raw.githubusercontent.com/DevAiSolves/florecer-catalogo/main/catalogo/FLORECER_LAS-M-001_laser-triodo-mujer-cara.jpg,FLORECER Skin & Wellness,Láser mujeres,,Fijo,Lista para catálogo
LAS-M-002,Láser triodo mujer - Bigote,"Depilación láser triodo para bigote, con parámetros definidos según valoración de piel y vello. Disponible por sesión o en paquete de 10 sesiones. 10 sesiones: $2,940 MXN.",in stock,new,420.00 MXN,https://wa.me/529843218001?text=Hola%2C%20me%20interesa%20L%C3%A1ser%20triodo%20mujer%20-%20Bigote%20%28LAS-M-002%29.%20%C2%BFMe%20pueden%20dar%20informaci%C3%B3n%3F,https://raw.githubusercontent.com/DevAiSolves/florecer-catalogo/main/catalogo/FLORECER_LAS-M-002_laser-triodo-mujer-bigote.jpg,FLORECER Skin & Wellness,Láser mujeres,,Fijo,Lista para catálogo
LAS-M-003,Láser triodo mujer - Mentón,"Depilación láser triodo para mentón, con parámetros definidos según valoración de piel y vello. Disponible por sesión o en paquete de 10 sesiones. 10 sesiones: $2,940 MXN.",in stock,new,420.00 MXN,https://wa.me/529843218001?text=Hola%2C%20me%20interesa%20L%C3%A1ser%20triodo%20mujer%20-%20Ment%C3%B3n%20%28LAS-M-003%29.%20%C2%BFMe%20pueden%20dar%20informaci%C3%B3n%3F,https://raw.githubusercontent.com/DevAiSolves/florecer-catalogo/main/catalogo/FLORECER_LAS-M-003_laser-triodo-mujer-menton.jpg,FLORECER Skin & Wellness,Láser mujeres,,Fijo,Lista para catálogo
LAS-M-004,Láser triodo mujer - Frente,"Depilación láser triodo para frente, con parámetros definidos según valoración de piel y vello. Disponible por sesión o en paquete de 10 sesiones. 10 sesiones: $2,940 MXN.",in stock,new,420.00 MXN,https://wa.me/529843218001?text=Hola%2C%20me%20interesa%20L%C3%A1ser%20triodo%20mujer%20-%20Frente%20%28LAS-M-004%29.%20%C2%BFMe%20pueden%20dar%20informaci%C3%B3n%3F,https://raw.githubusercontent.com/DevAiSolves/florecer-catalogo/main/catalogo/FLORECER_LAS-M-004_laser-triodo-mujer-frente.jpg,FLORECER Skin & Wellness,Láser mujeres,,Fijo,Lista para catálogo
LAS-M-005,Láser triodo mujer - Patillas,"Depilación láser triodo para patillas, con parámetros definidos según valoración de piel y vello. Disponible por sesión o en paquete de 10 sesiones. 10 sesiones: $2,940 MXN.",in stock,new,420.00 MXN,https://wa.me/529843218001?text=Hola%2C%20me%20interesa%20L%C3%A1ser%20triodo%20mujer%20-%20Patillas%20%28LAS-M-005%29.%20%C2%BFMe%20pueden%20dar%20informaci%C3%B3n%3F,https://raw.githubusercontent.com/DevAiSolves/florecer-catalogo/main/catalogo/FLORECER_LAS-M-005_laser-triodo-mujer-patillas.jpg,FLORECER Skin & Wellness,Láser mujeres,,Fijo,Lista para catálogo
LAS-M-006,Láser triodo mujer - Axilas,"Depilación láser triodo para axilas, con parámetros definidos según valoración de piel y vello. Disponible por sesión o en paquete de 10 sesiones. 10 sesiones: $4,060 MXN.",in stock,new,580.00 MXN,https://wa.me/529843218001?text=Hola%2C%20me%20interesa%20L%C3%A1ser%20triodo%20mujer%20-%20Axilas%20%28LAS-M-006%29.%20%C2%BFMe%20pueden%20dar%20informaci%C3%B3n%3F,https://raw.githubusercontent.com/DevAiSolves/florecer-catalogo/main/catalogo/FLORECER_LAS-M-006_laser-triodo-mujer-axilas.jpg,FLORECER Skin & Wellness,Láser mujeres,,Fijo,Lista para catálogo
LAS-M-007,Láser triodo mujer - Pezones,"Depilación láser triodo para pezones, con parámetros definidos según valoración de piel y vello. Disponible por sesión o en paquete de 10 sesiones. 10 sesiones: $2,940 MXN.",in stock,new,420.00 MXN,https://wa.me/529843218001?text=Hola%2C%20me%20interesa%20L%C3%A1ser%20triodo%20mujer%20-%20Pezones%20%28LAS-M-007%29.%20%C2%BFMe%20pueden%20dar%20informaci%C3%B3n%3F,https://raw.githubusercontent.com/DevAiSolves/florecer-catalogo/main/catalogo/FLORECER_LAS-M-007_laser-triodo-mujer-pezones.jpg,FLORECER Skin & Wellness,Láser mujeres,,Fijo,Lista para catálogo
LAS-M-008,Láser triodo mujer - Medios brazos,"Depilación láser triodo para medios brazos, con parámetros definidos según valoración de piel y vello. Disponible por sesión o en paquete de 10 sesiones. 10 sesiones: $5,180 MXN.",in stock,new,740.00 MXN,https://wa.me/529843218001?text=Hola%2C%20me%20interesa%20L%C3%A1ser%20triodo%20mujer%20-%20Medios%20brazos%20%28LAS-M-008%29.%20%C2%BFMe%20pueden%20dar%20informaci%C3%B3n%3F,https://raw.githubusercontent.com/DevAiSolves/florecer-catalogo/main/catalogo/FLORECER_LAS-M-008_laser-triodo-mujer-medios-brazos.jpg,FLORECER Skin & Wellness,Láser mujeres,,Fijo,Lista para catálogo
LAS-M-009,Láser triodo mujer - Brazos completos,"Depilación láser triodo para brazos completos, con parámetros definidos según valoración de piel y vello. Disponible por sesión o en paquete de 10 sesiones. 10 sesiones: $7,000 MXN.",in stock,new,1000.00 MXN,https://wa.me/529843218001?text=Hola%2C%20me%20interesa%20L%C3%A1ser%20triodo%20mujer%20-%20Brazos%20completos%20%28LAS-M-009%29.%20%C2%BFMe%20pueden%20dar%20informaci%C3%B3n%3F,https://raw.githubusercontent.com/DevAiSolves/florecer-catalogo/main/catalogo/FLORECER_LAS-M-009_laser-triodo-mujer-brazos-completos.jpg,FLORECER Skin & Wellness,Láser mujeres,,Fijo,Lista para catálogo
LAS-M-010,Láser triodo mujer - Pecho,"Depilación láser triodo para pecho, con parámetros definidos según valoración de piel y vello. Disponible por sesión o en paquete de 10 sesiones. 10 sesiones: $5,520 MXN.",in stock,new,790.00 MXN,https://wa.me/529843218001?text=Hola%2C%20me%20interesa%20L%C3%A1ser%20triodo%20mujer%20-%20Pecho%20%28LAS-M-010%29.%20%C2%BFMe%20pueden%20dar%20informaci%C3%B3n%3F,https://raw.githubusercontent.com/DevAiSolves/florecer-catalogo/main/catalogo/FLORECER_LAS-M-010_laser-triodo-mujer-pecho.jpg,FLORECER Skin & Wellness,Láser mujeres,,Fijo,Lista para catálogo
LAS-M-011,Láser triodo mujer - Senos,"Depilación láser triodo para senos, con parámetros definidos según valoración de piel y vello. Disponible por sesión o en paquete de 10 sesiones. 10 sesiones: $5,520 MXN.",in stock,new,790.00 MXN,https://wa.me/529843218001?text=Hola%2C%20me%20interesa%20L%C3%A1ser%20triodo%20mujer%20-%20Senos%20%28LAS-M-011%29.%20%C2%BFMe%20pueden%20dar%20informaci%C3%B3n%3F,https://raw.githubusercontent.com/DevAiSolves/florecer-catalogo/main/catalogo/FLORECER_LAS-M-011_laser-triodo-mujer-senos.jpg,FLORECER Skin & Wellness,Láser mujeres,,Fijo,Lista para catálogo
LAS-M-012,Láser triodo mujer - Abdomen,"Depilación láser triodo para abdomen, con parámetros definidos según valoración de piel y vello. Disponible por sesión o en paquete de 10 sesiones. 10 sesiones: $5,520 MXN.",in stock,new,790.00 MXN,https://wa.me/529843218001?text=Hola%2C%20me%20interesa%20L%C3%A1ser%20triodo%20mujer%20-%20Abdomen%20%28LAS-M-012%29.%20%C2%BFMe%20pueden%20dar%20informaci%C3%B3n%3F,https://raw.githubusercontent.com/DevAiSolves/florecer-catalogo/main/catalogo/FLORECER_LAS-M-012_laser-triodo-mujer-abdomen.jpg,FLORECER Skin & Wellness,Láser mujeres,,Fijo,Lista para catálogo
LAS-M-013,Láser triodo mujer - Bikini clásico,"Depilación láser triodo para bikini clásico, con parámetros definidos según valoración de piel y vello. Disponible por sesión o en paquete de 10 sesiones. 10 sesiones: $4,760 MXN.",in stock,new,680.00 MXN,https://wa.me/529843218001?text=Hola%2C%20me%20interesa%20L%C3%A1ser%20triodo%20mujer%20-%20Bikini%20cl%C3%A1sico%20%28LAS-M-013%29.%20%C2%BFMe%20pueden%20dar%20informaci%C3%B3n%3F,https://raw.githubusercontent.com/DevAiSolves/florecer-catalogo/main/catalogo/FLORECER_LAS-M-013_laser-triodo-mujer-bikini-clasico.jpg,FLORECER Skin & Wellness,Láser mujeres,,Fijo,Lista para catálogo
LAS-M-014,Láser triodo mujer - Bikini brasileño,"Depilación láser triodo para bikini brasileño, con parámetros definidos según valoración de piel y vello. Disponible por sesión o en paquete de 10 sesiones. 10 sesiones: $6,230 MXN.",in stock,new,890.00 MXN,https://wa.me/529843218001?text=Hola%2C%20me%20interesa%20L%C3%A1ser%20triodo%20mujer%20-%20Bikini%20brasile%C3%B1o%20%28LAS-M-014%29.%20%C2%BFMe%20pueden%20dar%20informaci%C3%B3n%3F,https://raw.githubusercontent.com/DevAiSolves/florecer-catalogo/main/catalogo/FLORECER_LAS-M-014_laser-triodo-mujer-bikini-brasileno.jpg,FLORECER Skin & Wellness,Láser mujeres,,Fijo,Lista para catálogo
LAS-M-015,Láser triodo mujer - Media pierna,"Depilación láser triodo para media pierna, con parámetros definidos según valoración de piel y vello. Disponible por sesión o en paquete de 10 sesiones. 10 sesiones: $6,650 MXN.",in stock,new,950.00 MXN,https://wa.me/529843218001?text=Hola%2C%20me%20interesa%20L%C3%A1ser%20triodo%20mujer%20-%20Media%20pierna%20%28LAS-M-015%29.%20%C2%BFMe%20pueden%20dar%20informaci%C3%B3n%3F,https://raw.githubusercontent.com/DevAiSolves/florecer-catalogo/main/catalogo/FLORECER_LAS-M-015_laser-triodo-mujer-media-pierna.jpg,FLORECER Skin & Wellness,Láser mujeres,,Fijo,Lista para catálogo
LAS-M-016,Láser triodo mujer - Pierna completa,"Depilación láser triodo para pierna completa, con parámetros definidos según valoración de piel y vello. Disponible por sesión o en paquete de 10 sesiones. 10 sesiones: $9,590 MXN.",in stock,new,1370.00 MXN,https://wa.me/529843218001?text=Hola%2C%20me%20interesa%20L%C3%A1ser%20triodo%20mujer%20-%20Pierna%20completa%20%28LAS-M-016%29.%20%C2%BFMe%20pueden%20dar%20informaci%C3%B3n%3F,https://raw.githubusercontent.com/DevAiSolves/florecer-catalogo/main/catalogo/FLORECER_LAS-M-016_laser-triodo-mujer-pierna-completa.jpg,FLORECER Skin & Wellness,Láser mujeres,,Fijo,Lista para catálogo
LAS-M-017,Láser triodo mujer - Glúteos,"Depilación láser triodo para glúteos, con parámetros definidos según valoración de piel y vello. Disponible por sesión o en paquete de 10 sesiones. 10 sesiones: $5,520 MXN.",in stock,new,790.00 MXN,https://wa.me/529843218001?text=Hola%2C%20me%20interesa%20L%C3%A1ser%20triodo%20mujer%20-%20Gl%C3%BAteos%20%28LAS-M-017%29.%20%C2%BFMe%20pueden%20dar%20informaci%C3%B3n%3F,https://raw.githubusercontent.com/DevAiSolves/florecer-catalogo/main/catalogo/FLORECER_LAS-M-017_laser-triodo-mujer-gluteos.jpg,FLORECER Skin & Wellness,Láser mujeres,,Fijo,Lista para catálogo
LAS-M-018,Láser triodo mujer - Espalda completa,"Depilación láser triodo para espalda completa, con parámetros definidos según valoración de piel y vello. Disponible por sesión o en paquete de 10 sesiones. 10 sesiones: $9,205 MXN.",in stock,new,1315.00 MXN,https://wa.me/529843218001?text=Hola%2C%20me%20interesa%20L%C3%A1ser%20triodo%20mujer%20-%20Espalda%20completa%20%28LAS-M-018%29.%20%C2%BFMe%20pueden%20dar%20informaci%C3%B3n%3F,https://raw.githubusercontent.com/DevAiSolves/florecer-catalogo/main/catalogo/FLORECER_LAS-M-018_laser-triodo-mujer-espalda-completa.jpg,FLORECER Skin & Wellness,Láser mujeres,,Fijo,Lista para catálogo
LAS-M-019,Láser triodo mujer - Espalda baja,"Depilación láser triodo para espalda baja, con parámetros definidos según valoración de piel y vello. Disponible por sesión o en paquete de 10 sesiones. 10 sesiones: $5,530 MXN.",in stock,new,790.00 MXN,https://wa.me/529843218001?text=Hola%2C%20me%20interesa%20L%C3%A1ser%20triodo%20mujer%20-%20Espalda%20baja%20%28LAS-M-019%29.%20%C2%BFMe%20pueden%20dar%20informaci%C3%B3n%3F,https://raw.githubusercontent.com/DevAiSolves/florecer-catalogo/main/catalogo/FLORECER_LAS-M-019_laser-triodo-mujer-espalda-baja.jpg,FLORECER Skin & Wellness,Láser mujeres,,Fijo,Lista para catálogo
LAS-M-020,Láser triodo mujer - Cuerpo completo,"Paquete integral que incluye piernas, axilas, cara, bikini brasileño, pezones, brazos completos, glúteos y otras zonas indicadas en el menú. Requiere valoración previa. 10 sesiones con 30% OFF: $41,580 MXN.",in stock,new,5940.00 MXN,https://wa.me/529843218001?text=Hola%2C%20me%20interesa%20L%C3%A1ser%20triodo%20mujer%20-%20Cuerpo%20completo%20%28LAS-M-020%29.%20%C2%BFMe%20pueden%20dar%20informaci%C3%B3n%3F,https://raw.githubusercontent.com/DevAiSolves/florecer-catalogo/main/catalogo/FLORECER_LAS-M-020_laser-triodo-mujer-cuerpo-completo.jpg,FLORECER Skin & Wellness,Láser mujeres,,Fijo,Lista para catálogo
LAS-H-001,Láser triodo hombre - Barba completa,"Depilación láser triodo para barba completa, con parámetros definidos según valoración de piel y vello. Disponible por sesión o en paquete de 10 sesiones. 10 sesiones: $5,950 MXN.",in stock,new,850.00 MXN,https://wa.me/529843218001?text=Hola%2C%20me%20interesa%20L%C3%A1ser%20triodo%20hombre%20-%20Barba%20completa%20%28LAS-H-001%29.%20%C2%BFMe%20pueden%20dar%20informaci%C3%B3n%3F,https://raw.githubusercontent.com/DevAiSolves/florecer-catalogo/main/catalogo/FLORECER_LAS-H-001_laser-triodo-hombre-barba-completa.jpg,FLORECER Skin & Wellness,Láser hombres,,Fijo,Lista para catálogo
LAS-H-002,Láser triodo hombre - Axilas,"Depilación láser triodo para axilas, con parámetros definidos según valoración de piel y vello. Disponible por sesión o en paquete de 10 sesiones. 10 sesiones: $4,550 MXN.",in stock,new,650.00 MXN,https://wa.me/529843218001?text=Hola%2C%20me%20interesa%20L%C3%A1ser%20triodo%20hombre%20-%20Axilas%20%28LAS-H-002%29.%20%C2%BFMe%20pueden%20dar%20informaci%C3%B3n%3F,https://raw.githubusercontent.com/DevAiSolves/florecer-catalogo/main/catalogo/FLORECER_LAS-H-002_laser-triodo-hombre-axilas.jpg,FLORECER Skin & Wellness,Láser hombres,,Fijo,Lista para catálogo
LAS-H-003,Láser triodo hombre - Piernas completas,"Depilación láser triodo para piernas completas, con parámetros definidos según valoración de piel y vello. Disponible por sesión o en paquete de 10 sesiones. 10 sesiones: $12,600 MXN.",in stock,new,1800.00 MXN,https://wa.me/529843218001?text=Hola%2C%20me%20interesa%20L%C3%A1ser%20triodo%20hombre%20-%20Piernas%20completas%20%28LAS-H-003%29.%20%C2%BFMe%20pueden%20dar%20informaci%C3%B3n%3F,https://raw.githubusercontent.com/DevAiSolves/florecer-catalogo/main/catalogo/FLORECER_LAS-H-003_laser-triodo-hombre-piernas-completas.jpg,FLORECER Skin & Wellness,Láser hombres,,Fijo,Lista para catálogo
LAS-H-004,Láser triodo hombre - Abdomen,"Depilación láser triodo para abdomen, con parámetros definidos según valoración de piel y vello. Disponible por sesión o en paquete de 10 sesiones. 10 sesiones: $6,300 MXN.",in stock,new,900.00 MXN,https://wa.me/529843218001?text=Hola%2C%20me%20interesa%20L%C3%A1ser%20triodo%20hombre%20-%20Abdomen%20%28LAS-H-004%29.%20%C2%BFMe%20pueden%20dar%20informaci%C3%B3n%3F,https://raw.githubusercontent.com/DevAiSolves/florecer-catalogo/main/catalogo/FLORECER_LAS-H-004_laser-triodo-hombre-abdomen.jpg,FLORECER Skin & Wellness,Láser hombres,,Fijo,Lista para catálogo
LAS-H-005,Láser triodo hombre - Pecho completo,"Depilación láser triodo para pecho completo, con parámetros definidos según valoración de piel y vello. Disponible por sesión o en paquete de 10 sesiones. 10 sesiones: $8,750 MXN.",in stock,new,1250.00 MXN,https://wa.me/529843218001?text=Hola%2C%20me%20interesa%20L%C3%A1ser%20triodo%20hombre%20-%20Pecho%20completo%20%28LAS-H-005%29.%20%C2%BFMe%20pueden%20dar%20informaci%C3%B3n%3F,https://raw.githubusercontent.com/DevAiSolves/florecer-catalogo/main/catalogo/FLORECER_LAS-H-005_laser-triodo-hombre-pecho-completo.jpg,FLORECER Skin & Wellness,Láser hombres,,Fijo,Lista para catálogo
LAS-H-006,Láser triodo hombre - Espalda completa,"Depilación láser triodo para espalda completa, con parámetros definidos según valoración de piel y vello. Disponible por sesión o en paquete de 10 sesiones. 10 sesiones: $12,250 MXN.",in stock,new,1750.00 MXN,https://wa.me/529843218001?text=Hola%2C%20me%20interesa%20L%C3%A1ser%20triodo%20hombre%20-%20Espalda%20completa%20%28LAS-H-006%29.%20%C2%BFMe%20pueden%20dar%20informaci%C3%B3n%3F,https://raw.githubusercontent.com/DevAiSolves/florecer-catalogo/main/catalogo/FLORECER_LAS-H-006_laser-triodo-hombre-espalda-completa.jpg,FLORECER Skin & Wellness,Láser hombres,,Fijo,Lista para catálogo
LAS-H-007,Láser triodo hombre - Cuello,"Depilación láser triodo para cuello, con parámetros definidos según valoración de piel y vello. Disponible por sesión o en paquete de 10 sesiones. 10 sesiones: $3,850 MXN.",in stock,new,550.00 MXN,https://wa.me/529843218001?text=Hola%2C%20me%20interesa%20L%C3%A1ser%20triodo%20hombre%20-%20Cuello%20%28LAS-H-007%29.%20%C2%BFMe%20pueden%20dar%20informaci%C3%B3n%3F,https://raw.githubusercontent.com/DevAiSolves/florecer-catalogo/main/catalogo/FLORECER_LAS-H-007_laser-triodo-hombre-cuello.jpg,FLORECER Skin & Wellness,Láser hombres,,Fijo,Lista para catálogo
LAS-H-008,Láser triodo hombre - Pómulos y contorno,"Depilación láser triodo para pómulos y contorno, con parámetros definidos según valoración de piel y vello. Disponible por sesión o en paquete de 10 sesiones. 10 sesiones: $2,800 MXN.",in stock,new,400.00 MXN,https://wa.me/529843218001?text=Hola%2C%20me%20interesa%20L%C3%A1ser%20triodo%20hombre%20-%20P%C3%B3mulos%20y%20contorno%20%28LAS-H-008%29.%20%C2%BFMe%20pueden%20dar%20informaci%C3%B3n%3F,https://raw.githubusercontent.com/DevAiSolves/florecer-catalogo/main/catalogo/FLORECER_LAS-H-008_laser-triodo-hombre-pomulos-y-contorno.jpg,FLORECER Skin & Wellness,Láser hombres,,Fijo,Lista para catálogo
LAS-H-009,Láser triodo hombre - Orejas,"Depilación láser triodo para orejas, con parámetros definidos según valoración de piel y vello. Disponible por sesión o en paquete de 10 sesiones. 10 sesiones: $2,100 MXN.",in stock,new,300.00 MXN,https://wa.me/529843218001?text=Hola%2C%20me%20interesa%20L%C3%A1ser%20triodo%20hombre%20-%20Orejas%20%28LAS-H-009%29.%20%C2%BFMe%20pueden%20dar%20informaci%C3%B3n%3F,https://raw.githubusercontent.com/DevAiSolves/florecer-catalogo/main/catalogo/FLORECER_LAS-H-009_laser-triodo-hombre-orejas.jpg,FLORECER Skin & Wellness,Láser hombres,,Fijo,Lista para catálogo
LAS-H-010,Láser triodo hombre - Brazos completos,"Depilación láser triodo para brazos completos, con parámetros definidos según valoración de piel y vello. Disponible por sesión o en paquete de 10 sesiones. 10 sesiones: $8,400 MXN.",in stock,new,1200.00 MXN,https://wa.me/529843218001?text=Hola%2C%20me%20interesa%20L%C3%A1ser%20triodo%20hombre%20-%20Brazos%20completos%20%28LAS-H-010%29.%20%C2%BFMe%20pueden%20dar%20informaci%C3%B3n%3F,https://raw.githubusercontent.com/DevAiSolves/florecer-catalogo/main/catalogo/FLORECER_LAS-H-010_laser-triodo-hombre-brazos-completos.jpg,FLORECER Skin & Wellness,Láser hombres,,Fijo,Lista para catálogo
LAS-H-011,Láser triodo hombre - Glúteos,"Depilación láser triodo para glúteos, con parámetros definidos según valoración de piel y vello. Disponible por sesión o en paquete de 10 sesiones. 10 sesiones: $6,930 MXN.",in stock,new,990.00 MXN,https://wa.me/529843218001?text=Hola%2C%20me%20interesa%20L%C3%A1ser%20triodo%20hombre%20-%20Gl%C3%BAteos%20%28LAS-H-011%29.%20%C2%BFMe%20pueden%20dar%20informaci%C3%B3n%3F,https://raw.githubusercontent.com/DevAiSolves/florecer-catalogo/main/catalogo/FLORECER_LAS-H-011_laser-triodo-hombre-gluteos.jpg,FLORECER Skin & Wellness,Láser hombres,,Fijo,Lista para catálogo
LAS-H-012,Láser triodo hombre - Dedos,"Depilación láser triodo para dedos, con parámetros definidos según valoración de piel y vello. Disponible por sesión o en paquete de 10 sesiones. 10 sesiones: $2,800 MXN.",in stock,new,400.00 MXN,https://wa.me/529843218001?text=Hola%2C%20me%20interesa%20L%C3%A1ser%20triodo%20hombre%20-%20Dedos%20%28LAS-H-012%29.%20%C2%BFMe%20pueden%20dar%20informaci%C3%B3n%3F,https://raw.githubusercontent.com/DevAiSolves/florecer-catalogo/main/catalogo/FLORECER_LAS-H-012_laser-triodo-hombre-dedos.jpg,FLORECER Skin & Wellness,Láser hombres,,Fijo,Lista para catálogo
INT-001,Despigmentante íntimo Nd:YAG,"Tratamiento aclarante con láser Nd:YAG, de aplicación progresiva y sujeto a valoración. El menú recomienda cuatro sesiones espaciadas cada 30 días. Plan sugerido: 4 sesiones, una cada 30 días.",in stock,new,1580.00 MXN,https://wa.me/529843218001?text=Hola%2C%20me%20interesa%20Despigmentante%20%C3%ADntimo%20Nd%3AYAG%20%28INT-001%29.%20%C2%BFMe%20pueden%20dar%20informaci%C3%B3n%3F,https://raw.githubusercontent.com/DevAiSolves/florecer-catalogo/main/catalogo/FLORECER_INT-001_despigmentante-intimo-nd-yag.jpg,FLORECER Skin & Wellness,Bienestar íntimo,,Fijo,Uso publicitario restringido: validar antes de pautar
INT-002,Peeling corporal aclarante,Peeling corporal orientado a unificar visualmente el tono y devolver luminosidad y suavidad a la piel. El precio final depende de la zona y la valoración. Precio sujeto a valoración.,in stock,new,2700.00 MXN,https://wa.me/529843218001?text=Hola%2C%20me%20interesa%20Peeling%20corporal%20aclarante%20%28INT-002%29.%20%C2%BFMe%20pueden%20dar%20informaci%C3%B3n%3F,https://raw.githubusercontent.com/DevAiSolves/florecer-catalogo/main/catalogo/FLORECER_INT-002_peeling-corporal-aclarante.jpg,FLORECER Skin & Wellness,Bienestar íntimo,,Desde,Uso publicitario restringido: validar antes de pautar
INT-003,Rejuvenecimiento íntimo HIFU,"Ultrasonido focalizado para bienestar íntimo, textura del tejido y apoyo en casos seleccionados de incontinencia. Requiere valoración médica y cuidados posteriores indicados por el profesional. Paquete 4 sesiones: $10,500 MXN.",in stock,new,3680.00 MXN,https://wa.me/529843218001?text=Hola%2C%20me%20interesa%20Rejuvenecimiento%20%C3%ADntimo%20HIFU%20%28INT-003%29.%20%C2%BFMe%20pueden%20dar%20informaci%C3%B3n%3F,https://raw.githubusercontent.com/DevAiSolves/florecer-catalogo/main/catalogo/FLORECER_INT-003_rejuvenecimiento-intimo-hifu.jpg,FLORECER Skin & Wellness,Bienestar íntimo,,Fijo,No pautar sin validación médica y de política
INT-004,EM Sella - Piso pélvico,"Tratamiento no invasivo con contracciones supramáximas para fortalecer el piso pélvico. Puede formar parte de un plan para mujeres u hombres según valoración profesional. Paquete 10 sesiones: $7,880 MXN.",in stock,new,1000.00 MXN,https://wa.me/529843218001?text=Hola%2C%20me%20interesa%20EM%20Sella%20-%20Piso%20p%C3%A9lvico%20%28INT-004%29.%20%C2%BFMe%20pueden%20dar%20informaci%C3%B3n%3F,https://raw.githubusercontent.com/DevAiSolves/florecer-catalogo/main/catalogo/FLORECER_INT-004_em-sella-piso-pelvico.jpg,FLORECER Skin & Wellness,Bienestar íntimo,,Fijo,No pautar sin validación médica y de política
ESP-001,Antiacné de espalda,"Hollywood Peel aplicado en espalda para apoyar el control de oleosidad, renovar la piel y mejorar la apariencia asociada al acné.",in stock,new,3680.00 MXN,https://wa.me/529843218001?text=Hola%2C%20me%20interesa%20Antiacn%C3%A9%20de%20espalda%20%28ESP-001%29.%20%C2%BFMe%20pueden%20dar%20informaci%C3%B3n%3F,https://raw.githubusercontent.com/DevAiSolves/florecer-catalogo/main/catalogo/FLORECER_ESP-001_antiacne-de-espalda.jpg,FLORECER Skin & Wellness,"Espalda, uñas y lesiones",,Fijo,Revisar copy: no dirigirse al usuario por una condición de salud
ESP-002,Limpieza profunda de espalda y hombros,Limpieza ultrasónica con extracciones y alta frecuencia para retirar impurezas y mejorar la textura de espalda y hombros.,in stock,new,2100.00 MXN,https://wa.me/529843218001?text=Hola%2C%20me%20interesa%20Limpieza%20profunda%20de%20espalda%20y%20hombros%20%28ESP-002%29.%20%C2%BFMe%20pueden%20dar%20informaci%C3%B3n%3F,https://raw.githubusercontent.com/DevAiSolves/florecer-catalogo/main/catalogo/FLORECER_ESP-002_limpieza-profunda-de-espalda-y-hombros.jpg,FLORECER Skin & Wellness,"Espalda, uñas y lesiones",,Fijo,Revisión médica y de política
ESP-003,Láser para onicomicosis,Sesión con láser de picosegundos para tratamiento de hongos en uñas. Dura hasta 15 minutos y suele requerir de tres a cuatro sesiones según valoración. Plan orientativo: 3 a 4 sesiones. Duración: Hasta 15 min.,in stock,new,530.00 MXN,https://wa.me/529843218001?text=Hola%2C%20me%20interesa%20L%C3%A1ser%20para%20onicomicosis%20%28ESP-003%29.%20%C2%BFMe%20pueden%20dar%20informaci%C3%B3n%3F,https://raw.githubusercontent.com/DevAiSolves/florecer-catalogo/main/catalogo/FLORECER_ESP-003_laser-para-onicomicosis.jpg,FLORECER Skin & Wellness,"Espalda, uñas y lesiones",,Fijo,No pautar sin validación médica y de política
ESP-004,Plasma Fibroblast para verrugas o léntigos,Extracción localizada de verrugas o léntigos solares con Plasma Fibroblast. El procedimiento y el precio se determinan después de la valoración. Tratamiento sujeto a valoración.,in stock,new,900.00 MXN,https://wa.me/529843218001?text=Hola%2C%20me%20interesa%20Plasma%20Fibroblast%20para%20verrugas%20o%20l%C3%A9ntigos%20%28ESP-004%29.%20%C2%BFMe%20pueden%20dar%20informaci%C3%B3n%3F,https://raw.githubusercontent.com/DevAiSolves/florecer-catalogo/main/catalogo/FLORECER_ESP-004_plasma-fibroblast-para-verrugas-o-lentigos.jpg,FLORECER Skin & Wellness,"Espalda, uñas y lesiones",,Valoración,No pautar sin validación médica y de política
HSP-001,Head Spa - Relajación Profunda Supreme,"Experiencia de 60 minutos con masajes estimulantes, acupresión, vapor de ozono y aromaterapia, más 30 minutos para secado express. El precio depende del largo y volumen del cabello. Rango: $2,000 a $2,500 MXN. Duración: 60 min + 30 min de secado.",in stock,new,2000.00 MXN,https://wa.me/529843218001?text=Hola%2C%20me%20interesa%20Head%20Spa%20-%20Relajaci%C3%B3n%20Profunda%20Supreme%20%28HSP-001%29.%20%C2%BFMe%20pueden%20dar%20informaci%C3%B3n%3F,https://raw.githubusercontent.com/DevAiSolves/florecer-catalogo/main/catalogo/FLORECER_HSP-001_head-spa-relajacion-profunda-supreme.jpg,FLORECER Skin & Wellness,Head Spa y capilar,,Desde,Lista para catálogo / alopecia requiere revisión
HSP-002,Head Spa + Tratamiento anticaída,"Experiencia de relajación con mascarilla personalizada para cuero cabelludo, vapor de ozono, infusiones terapéuticas, infrarrojo y sueros especializados. Requiere valoración capilar. Rango vigente en captura: $2,500 a $3,500 MXN.",in stock,new,2500.00 MXN,https://wa.me/529843218001?text=Hola%2C%20me%20interesa%20Head%20Spa%20%2B%20Tratamiento%20antica%C3%ADda%20%28HSP-002%29.%20%C2%BFMe%20pueden%20dar%20informaci%C3%B3n%3F,https://raw.githubusercontent.com/DevAiSolves/florecer-catalogo/main/catalogo/FLORECER_HSP-002_head-spa-tratamiento-anticaida.jpg,FLORECER Skin & Wellness,Head Spa y capilar,,Desde,Alopecia: revisar copy y política antes de pautar
HSP-003,Head Spa Deluxe - Escape Total,"Ritual integral que combina relajación profunda del cuero cabelludo, yoga facial, mascarilla de hidrogel para rostro y tratamiento hidratante de pies. Rango: $3,500 a $4,500 MXN.",in stock,new,3500.00 MXN,https://wa.me/529843218001?text=Hola%2C%20me%20interesa%20Head%20Spa%20Deluxe%20-%20Escape%20Total%20%28HSP-003%29.%20%C2%BFMe%20pueden%20dar%20informaci%C3%B3n%3F,https://raw.githubusercontent.com/DevAiSolves/florecer-catalogo/main/catalogo/FLORECER_HSP-003_head-spa-deluxe-escape-total.jpg,FLORECER Skin & Wellness,Head Spa y capilar,,Desde,Lista para catálogo / alopecia requiere revisión
HSP-004,Head Spa con Exosomas y Dermapen,"Protocolo avanzado para cuero cabelludo que combina la experiencia Head Spa con activos de Mesoestetic aplicados mediante Dermapen. Orientado a folículos debilitados y casos de alopecia tras valoración. Rango: $3,500 a $4,500 MXN.",in stock,new,3500.00 MXN,https://wa.me/529843218001?text=Hola%2C%20me%20interesa%20Head%20Spa%20con%20Exosomas%20y%20Dermapen%20%28HSP-004%29.%20%C2%BFMe%20pueden%20dar%20informaci%C3%B3n%3F,https://raw.githubusercontent.com/DevAiSolves/florecer-catalogo/main/catalogo/FLORECER_HSP-004_head-spa-con-exosomas-y-dermapen.jpg,FLORECER Skin & Wellness,Head Spa y capilar,,Desde,No pautar sin validación médica y de política
MED-EST-001,Consulta para toxina botulínica,"Consulta médica personalizada para valorar objetivos de expresión y elegibilidad para toxina botulínica. El precio publicado corresponde a la consulta; estudios, medicamentos o procedimientos se cotizan por separado según diagnóstico y plan profesional.",in stock,new,900.00 MXN,https://wa.me/529843218001?text=Hola%2C%20me%20interesa%20Consulta%20para%20toxina%20botul%C3%ADnica%20%28MED-EST-001%29.%20%C2%BFMe%20pueden%20dar%20informaci%C3%B3n%3F,https://raw.githubusercontent.com/DevAiSolves/florecer-catalogo/main/catalogo/FLORECER_MED-EST-001_consulta-para-toxina-botulinica.jpg,FLORECER Skin & Wellness,Medicina estética,,Consulta,No pautar sin validación médica y de política
MED-EST-002,Consulta para bioestimuladores,"Consulta médica personalizada para valorar calidad, firmeza y necesidades de la piel antes de indicar bioestimuladores. El precio publicado corresponde a la consulta; estudios, medicamentos o procedimientos se cotizan por separado según diagnóstico y plan profesional.",in stock,new,900.00 MXN,https://wa.me/529843218001?text=Hola%2C%20me%20interesa%20Consulta%20para%20bioestimuladores%20%28MED-EST-002%29.%20%C2%BFMe%20pueden%20dar%20informaci%C3%B3n%3F,https://raw.githubusercontent.com/DevAiSolves/florecer-catalogo/main/catalogo/FLORECER_MED-EST-002_consulta-para-bioestimuladores.jpg,FLORECER Skin & Wellness,Medicina estética,,Consulta,No pautar sin validación médica y de política
MED-EST-003,Consulta para Sculptra,"Consulta médica personalizada para valorar si Sculptra es adecuado dentro de un plan de bioestimulación. El precio publicado corresponde a la consulta; estudios, medicamentos o procedimientos se cotizan por separado según diagnóstico y plan profesional.",in stock,new,900.00 MXN,https://wa.me/529843218001?text=Hola%2C%20me%20interesa%20Consulta%20para%20Sculptra%20%28MED-EST-003%29.%20%C2%BFMe%20pueden%20dar%20informaci%C3%B3n%3F,https://raw.githubusercontent.com/DevAiSolves/florecer-catalogo/main/catalogo/FLORECER_MED-EST-003_consulta-para-sculptra.jpg,FLORECER Skin & Wellness,Medicina estética,,Consulta,No pautar sin validación médica y de política
MED-EST-004,Consulta para skinboosters,"Consulta médica personalizada para valorar hidratación y calidad de piel con NCTF, PDRN de salmón o exosomas. El precio publicado corresponde a la consulta; estudios, medicamentos o procedimientos se cotizan por separado según diagnóstico y plan profesional.",in stock,new,900.00 MXN,https://wa.me/529843218001?text=Hola%2C%20me%20interesa%20Consulta%20para%20skinboosters%20%28MED-EST-004%29.%20%C2%BFMe%20pueden%20dar%20informaci%C3%B3n%3F,https://raw.githubusercontent.com/DevAiSolves/florecer-catalogo/main/catalogo/FLORECER_MED-EST-004_consulta-para-skinboosters.jpg,FLORECER Skin & Wellness,Medicina estética,,Consulta,No pautar sin validación médica y de política
MED-EST-005,Consulta para rellenos de ácido hialurónico,"Consulta médica personalizada para valorar armonización y elegibilidad para rellenos de ácido hialurónico. El precio publicado corresponde a la consulta; estudios, medicamentos o procedimientos se cotizan por separado según diagnóstico y plan profesional.",in stock,new,900.00 MXN,https://wa.me/529843218001?text=Hola%2C%20me%20interesa%20Consulta%20para%20rellenos%20de%20%C3%A1cido%20hialur%C3%B3nico%20%28MED-EST-005%29.%20%C2%BFMe%20pueden%20dar%20informaci%C3%B3n%3F,https://raw.githubusercontent.com/DevAiSolves/florecer-catalogo/main/catalogo/FLORECER_MED-EST-005_consulta-para-rellenos-de-acido-hialuronico.jpg,FLORECER Skin & Wellness,Medicina estética,,Consulta,No pautar sin validación médica y de política
MED-EST-006,Consulta para mesoterapia,"Consulta médica personalizada para valorar un plan de mesoterapia facial, capilar o corporal. El precio publicado corresponde a la consulta; estudios, medicamentos o procedimientos se cotizan por separado según diagnóstico y plan profesional.",in stock,new,900.00 MXN,https://wa.me/529843218001?text=Hola%2C%20me%20interesa%20Consulta%20para%20mesoterapia%20%28MED-EST-006%29.%20%C2%BFMe%20pueden%20dar%20informaci%C3%B3n%3F,https://raw.githubusercontent.com/DevAiSolves/florecer-catalogo/main/catalogo/FLORECER_MED-EST-006_consulta-para-mesoterapia.jpg,FLORECER Skin & Wellness,Medicina estética,,Consulta,No pautar sin validación médica y de política
MED-EST-007,Consulta para lipoenzimas,"Consulta médica personalizada para valorar la indicación, zona y seguridad de un protocolo con lipoenzimas. El precio publicado corresponde a la consulta; estudios, medicamentos o procedimientos se cotizan por separado según diagnóstico y plan profesional.",in stock,new,900.00 MXN,https://wa.me/529843218001?text=Hola%2C%20me%20interesa%20Consulta%20para%20lipoenzimas%20%28MED-EST-007%29.%20%C2%BFMe%20pueden%20dar%20informaci%C3%B3n%3F,https://raw.githubusercontent.com/DevAiSolves/florecer-catalogo/main/catalogo/FLORECER_MED-EST-007_consulta-para-lipoenzimas.jpg,FLORECER Skin & Wellness,Medicina estética,,Consulta,No pautar sin validación médica y de política
MED-INT-001,Consulta para terapia de reemplazo hormonal,"Consulta médica personalizada para valorar terapia de reemplazo hormonal y antecedentes clínicos. El precio publicado corresponde a la consulta; estudios, medicamentos o procedimientos se cotizan por separado según diagnóstico y plan profesional.",in stock,new,900.00 MXN,https://wa.me/529843218001?text=Hola%2C%20me%20interesa%20Consulta%20para%20terapia%20de%20reemplazo%20hormonal%20%28MED-INT-001%29.%20%C2%BFMe%20pueden%20dar%20informaci%C3%B3n%3F,https://raw.githubusercontent.com/DevAiSolves/florecer-catalogo/main/catalogo/FLORECER_MED-INT-001_consulta-para-terapia-de-reemplazo-hormonal.jpg,FLORECER Skin & Wellness,Salud íntima y hormonal,,Consulta,No pautar sin validación médica y de política
MED-INT-002,Consulta por resequedad vaginal,"Consulta médica personalizada para valorar causas y alternativas profesionales ante resequedad vaginal. El precio publicado corresponde a la consulta; estudios, medicamentos o procedimientos se cotizan por separado según diagnóstico y plan profesional.",in stock,new,900.00 MXN,https://wa.me/529843218001?text=Hola%2C%20me%20interesa%20Consulta%20por%20resequedad%20vaginal%20%28MED-INT-002%29.%20%C2%BFMe%20pueden%20dar%20informaci%C3%B3n%3F,https://raw.githubusercontent.com/DevAiSolves/florecer-catalogo/main/catalogo/FLORECER_MED-INT-002_consulta-por-resequedad-vaginal.jpg,FLORECER Skin & Wellness,Salud íntima y hormonal,,Consulta,No pautar sin validación médica y de política
MED-INT-003,Consulta por dolor en relaciones,"Consulta médica personalizada para valorar posibles causas de dolor durante las relaciones y el siguiente paso clínico. El precio publicado corresponde a la consulta; estudios, medicamentos o procedimientos se cotizan por separado según diagnóstico y plan profesional.",in stock,new,900.00 MXN,https://wa.me/529843218001?text=Hola%2C%20me%20interesa%20Consulta%20por%20dolor%20en%20relaciones%20%28MED-INT-003%29.%20%C2%BFMe%20pueden%20dar%20informaci%C3%B3n%3F,https://raw.githubusercontent.com/DevAiSolves/florecer-catalogo/main/catalogo/FLORECER_MED-INT-003_consulta-por-dolor-en-relaciones.jpg,FLORECER Skin & Wellness,Salud íntima y hormonal,,Consulta,No pautar sin validación médica y de política
MED-INT-004,Consulta por candidiasis,"Consulta médica personalizada para valorar síntomas compatibles con candidiasis y la necesidad de estudios o tratamiento. El precio publicado corresponde a la consulta; estudios, medicamentos o procedimientos se cotizan por separado según diagnóstico y plan profesional.",in stock,new,900.00 MXN,https://wa.me/529843218001?text=Hola%2C%20me%20interesa%20Consulta%20por%20candidiasis%20%28MED-INT-004%29.%20%C2%BFMe%20pueden%20dar%20informaci%C3%B3n%3F,https://raw.githubusercontent.com/DevAiSolves/florecer-catalogo/main/catalogo/FLORECER_MED-INT-004_consulta-por-candidiasis.jpg,FLORECER Skin & Wellness,Salud íntima y hormonal,,Consulta,No pautar sin validación médica y de política
MED-INT-005,Consulta por fatiga crónica,"Consulta médica personalizada para valorar factores médicos relacionados con fatiga persistente. El precio publicado corresponde a la consulta; estudios, medicamentos o procedimientos se cotizan por separado según diagnóstico y plan profesional.",in stock,new,900.00 MXN,https://wa.me/529843218001?text=Hola%2C%20me%20interesa%20Consulta%20por%20fatiga%20cr%C3%B3nica%20%28MED-INT-005%29.%20%C2%BFMe%20pueden%20dar%20informaci%C3%B3n%3F,https://raw.githubusercontent.com/DevAiSolves/florecer-catalogo/main/catalogo/FLORECER_MED-INT-005_consulta-por-fatiga-cronica.jpg,FLORECER Skin & Wellness,Salud íntima y hormonal,,Consulta,No pautar sin validación médica y de política
MED-INT-006,Consulta por falta de libido,"Consulta médica personalizada para valorar factores hormonales, físicos y de bienestar relacionados con la libido. El precio publicado corresponde a la consulta; estudios, medicamentos o procedimientos se cotizan por separado según diagnóstico y plan profesional.",in stock,new,900.00 MXN,https://wa.me/529843218001?text=Hola%2C%20me%20interesa%20Consulta%20por%20falta%20de%20libido%20%28MED-INT-006%29.%20%C2%BFMe%20pueden%20dar%20informaci%C3%B3n%3F,https://raw.githubusercontent.com/DevAiSolves/florecer-catalogo/main/catalogo/FLORECER_MED-INT-006_consulta-por-falta-de-libido.jpg,FLORECER Skin & Wellness,Salud íntima y hormonal,,Consulta,No pautar sin validación médica y de política
MED-INT-007,Consulta de menopausia,"Consulta médica personalizada para valorar síntomas, antecedentes y opciones de acompañamiento durante la menopausia. El precio publicado corresponde a la consulta; estudios, medicamentos o procedimientos se cotizan por separado según diagnóstico y plan profesional.",in stock,new,900.00 MXN,https://wa.me/529843218001?text=Hola%2C%20me%20interesa%20Consulta%20de%20menopausia%20%28MED-INT-007%29.%20%C2%BFMe%20pueden%20dar%20informaci%C3%B3n%3F,https://raw.githubusercontent.com/DevAiSolves/florecer-catalogo/main/catalogo/FLORECER_MED-INT-007_consulta-de-menopausia.jpg,FLORECER Skin & Wellness,Salud íntima y hormonal,,Consulta,No pautar sin validación médica y de política
MED-GEN-001,Consulta médica integral,"Consulta médica personalizada para revisar antecedentes, síntomas y objetivos de salud. El precio corresponde a la valoración; estudios, medicamentos o procedimientos se cotizan por separado.",in stock,new,900.00 MXN,https://wa.me/529843218001?text=Hola%2C%20me%20interesa%20Consulta%20m%C3%A9dica%20integral%20%28MED-GEN-001%29.%20%C2%BFMe%20pueden%20dar%20informaci%C3%B3n%3F,https://raw.githubusercontent.com/DevAiSolves/florecer-catalogo/main/catalogo/FLORECER_MED-GEN-001_consulta-medica-integral.jpg,FLORECER Skin & Wellness,Medicina general,,Consulta,No pautar sin validación médica y de política
MED-GEN-002,Consulta por otitis,"Consulta médica personalizada para valorar síntomas del oído y posibles causas compatibles con otitis. El precio publicado corresponde a la consulta; estudios, medicamentos o procedimientos se cotizan por separado según diagnóstico y plan profesional.",in stock,new,900.00 MXN,https://wa.me/529843218001?text=Hola%2C%20me%20interesa%20Consulta%20por%20otitis%20%28MED-GEN-002%29.%20%C2%BFMe%20pueden%20dar%20informaci%C3%B3n%3F,https://raw.githubusercontent.com/DevAiSolves/florecer-catalogo/main/catalogo/FLORECER_MED-GEN-002_consulta-por-otitis.jpg,FLORECER Skin & Wellness,Medicina general,,Consulta,No pautar sin validación médica y de política
MED-GEN-003,Consulta por tapón de cerumen,"Consulta médica personalizada para valorar molestias auditivas y la presencia de un posible tapón de cerumen. El precio publicado corresponde a la consulta; estudios, medicamentos o procedimientos se cotizan por separado según diagnóstico y plan profesional.",in stock,new,900.00 MXN,https://wa.me/529843218001?text=Hola%2C%20me%20interesa%20Consulta%20por%20tap%C3%B3n%20de%20cerumen%20%28MED-GEN-003%29.%20%C2%BFMe%20pueden%20dar%20informaci%C3%B3n%3F,https://raw.githubusercontent.com/DevAiSolves/florecer-catalogo/main/catalogo/FLORECER_MED-GEN-003_consulta-por-tapon-de-cerumen.jpg,FLORECER Skin & Wellness,Medicina general,,Consulta,No pautar sin validación médica y de política
MED-BIE-001,Consulta por insomnio,"Consulta médica personalizada para valorar patrones de sueño, hábitos y posibles factores médicos asociados al insomnio. El precio publicado corresponde a la consulta; estudios, medicamentos o procedimientos se cotizan por separado según diagnóstico y plan profesional.",in stock,new,900.00 MXN,https://wa.me/529843218001?text=Hola%2C%20me%20interesa%20Consulta%20por%20insomnio%20%28MED-BIE-001%29.%20%C2%BFMe%20pueden%20dar%20informaci%C3%B3n%3F,https://raw.githubusercontent.com/DevAiSolves/florecer-catalogo/main/catalogo/FLORECER_MED-BIE-001_consulta-por-insomnio.jpg,FLORECER Skin & Wellness,"Sueño, estrés y equilibrio",,Consulta,No pautar sin validación médica y de política
MED-BIE-002,Consulta médica por alopecia,"Consulta médica personalizada para valorar caída del cabello, cuero cabelludo y posibles causas de alopecia. El precio publicado corresponde a la consulta; estudios, medicamentos o procedimientos se cotizan por separado según diagnóstico y plan profesional.",in stock,new,900.00 MXN,https://wa.me/529843218001?text=Hola%2C%20me%20interesa%20Consulta%20m%C3%A9dica%20por%20alopecia%20%28MED-BIE-002%29.%20%C2%BFMe%20pueden%20dar%20informaci%C3%B3n%3F,https://raw.githubusercontent.com/DevAiSolves/florecer-catalogo/main/catalogo/FLORECER_MED-BIE-002_consulta-medica-por-alopecia.jpg,FLORECER Skin & Wellness,"Sueño, estrés y equilibrio",,Consulta,No pautar sin validación médica y de política
MED-BIE-003,Consulta médica por acné,"Consulta médica personalizada para valorar historia de la piel, brotes y posibles factores asociados al acné. El precio publicado corresponde a la consulta; estudios, medicamentos o procedimientos se cotizan por separado según diagnóstico y plan profesional.",in stock,new,900.00 MXN,https://wa.me/529843218001?text=Hola%2C%20me%20interesa%20Consulta%20m%C3%A9dica%20por%20acn%C3%A9%20%28MED-BIE-003%29.%20%C2%BFMe%20pueden%20dar%20informaci%C3%B3n%3F,https://raw.githubusercontent.com/DevAiSolves/florecer-catalogo/main/catalogo/FLORECER_MED-BIE-003_consulta-medica-por-acne.jpg,FLORECER Skin & Wellness,"Sueño, estrés y equilibrio",,Consulta,No pautar sin validación médica y de política
MED-BIE-004,Consulta por desorden hormonal,"Consulta médica personalizada para valorar síntomas y antecedentes que podrían requerir evaluación hormonal. El precio publicado corresponde a la consulta; estudios, medicamentos o procedimientos se cotizan por separado según diagnóstico y plan profesional.",in stock,new,900.00 MXN,https://wa.me/529843218001?text=Hola%2C%20me%20interesa%20Consulta%20por%20desorden%20hormonal%20%28MED-BIE-004%29.%20%C2%BFMe%20pueden%20dar%20informaci%C3%B3n%3F,https://raw.githubusercontent.com/DevAiSolves/florecer-catalogo/main/catalogo/FLORECER_MED-BIE-004_consulta-por-desorden-hormonal.jpg,FLORECER Skin & Wellness,"Sueño, estrés y equilibrio",,Consulta,No pautar sin validación médica y de política
